ID;Nombre;Qué hace;Gesto;Sistema;Inspiración;Transformación;Originalidad;Diversión;Claridad;Dificultad;Implementación;Reutilización;Historia;Impacto visual;Impacto emocional;Total;Viabilidad;Arte nuevo;Riesgo de parecido;Nivel sugerido
M-001;El parpadeo;El ojo parpadea despacio (el párpado pesa antes de caer) y, mientras está cerrado, lo vigilado corre un tramo y se queda donde lo dejas;Mantener el dedo y tirar cuando cierra;S1, S6;Daruma-san ga koronda (luz roja, luz verde);B: ventana lenta por tramos;3;3;5;2;5;4;3;3;3;29;código;0;medio: Boxes, luz roja y luz verde;4
M-002;Se duerme si esperas;Si no tocas nada un rato, el ojo se adormece y se cierra, y mientras duerme lo vigilado se deja mover;Esperar sin tocar;S1, S6;Sigilo de Little Nightmares;E: la paciencia como llave;4;3;4;2;5;3;4;3;4;30;código;0;bajo: Little Nightmares, vigilante que se duerme;4
M-003;Despacio no la despierta;Una pieza que chirría si la mueves rápido despierta al ojo dormido, y movida despacio no hace ruido;Tirar despacio;S1, S10;Outer Wilds, los peces que oyen;E: la velocidad del dedo;4;3;3;3;4;3;3;2;4;26;código;0;bajo: Outer Wilds, peces que oyen;4
M-004;La mirada sujeta;Lo que el ojo mira se queda quieto, así que su mirada puede sujetar una pieza mientras mueves otra unida a ella;Llevar la mirada con el dedo y deslizar la otra pieza;S1, S2;It Takes Two (uno sujeta y otro actúa);D: el estorbo como herramienta;5;5;4;3;4;5;4;3;4;34;código;0;bajo: It Takes Two, herramientas que sujetan;4
M-005;Fuerza guardada;Mientras el ojo mira una tapa, cada empujón se guarda en ella como una grieta de oro, y cuando aparta la vista la tapa salta con toda la fuerza junta;Empujar varias veces;S1, nuevo: tensión;Zelda Breath of the Wild, Stasis;C: mirada más empujes acumulados;4;4;3;3;3;3;3;4;4;28;código;0;medio: Zelda Breath of the Wild, Stasis;5
M-006;Duelo de miradas;El párpado de la caja hija se abre y, cuando las dos caras se miran de frente, ninguna aparta la vista y el resto de la caja grande queda sin vigilar;Girar la caja hija en la mano hasta encarar a la grande;S1, S7;propia (la caja hija es de la familia);G: madre e hija se miran;5;4;4;2;3;3;5;4;5;33;3D;1;bajo: ninguno conocido;5
M-007;La mirada delata;El ojo echa vistazos a lo que más protege y entorna el párpado cuando tu dedo se acerca, así que su mirada dice dónde está lo importante;Pasear el dedo y observar;S1, S5;Portal 2, feedback que crece al acercarse;F: frío o caliente vivo;4;4;4;2;5;4;4;2;3;30;código;0;bajo: ninguno conocido;2
M-008;El ojo tímido;El ojo nuevo aparta la vista de tu dedo, así que para que mire un sitio pones el dedo en el lado contrario;Mantener el dedo en el lado opuesto;S1, S4;propia (el ojo de piedra de luna del nivel 2);D: dirigir por rechazo;5;4;3;3;4;4;4;3;4;31;código;0;bajo: ninguno conocido;3
M-009;La mirada alumbra;El ojo nuevo alumbra en frío lo que mira y descubre marcas de tinta que con la lámpara no se ven;Dirigir su mirada (con la lámpara, el espejo o el dedo);S1, S4;Tinta invisible y ley 3 de la gramática;D: ahora quieres que mire;4;5;4;3;4;5;5;5;5;37;código;0;medio: The Room, el ocular que revela lo oculto (aquí lo revela la mirada de la caja);3
M-010;Uno ve, el otro alumbra;Con dos ojos, lo que ve el viejo no se mueve y lo que ve el nuevo se ilumina, y hay que repartirles la atención;Dirigir cada ojo por separado;S1, S4;The Witness, reglas que se combinan;C: dos reglas en una cara;4;4;3;4;3;4;4;4;4;30;código;0;bajo: ninguno conocido;4
M-011;La caja oye;Un golpecito en una taza o en la mesa hace que el ojo mire hacia el ruido unos segundos;Tocar un objeto que suena;S1, S10;Sigilo clásico (un ruido que distrae);F: distraer con sonido;3;3;4;2;5;4;3;2;3;27;código;0;bajo: sigilo clásico, el ruido que distrae;4
M-012;Deslumbrar;Si avivas la llama mientras el ojo la mira, lo entorna y lo cierra: no vigila, pero tampoco alumbra;Tocar dos veces la lámpara;S1, S4;propia;E: cerrar en vez de distraer;3;3;4;2;5;3;3;4;3;28;código;0;bajo: ninguno conocido;3
M-013;Exhalar abre;La caja respira despacio y algunas piezas solo ceden mientras exhala;Mantener el dedo y tirar al exhalar;S6;Inside, la respiración como ritmo;F: el aliento de un objeto;3;3;4;2;4;5;4;4;4;31;código;0;bajo: Inside, ritmo de respiración;4
M-014;Inhalar aspira;Al inhalar, la caja aspira el humo y los papeles sueltos hacia sus rendijas escondidas, y el papel que se pega marca dónde están;Arrastrar un papel suelto cerca de la caja;S6, S9;propia;H: el aire como señal;4;4;4;2;4;3;4;4;4;31;código;0;bajo: ninguno conocido;4
M-015;Tapar una rendija;Si tapas con el dedo una rendija, el aliento sale con fuerza por otra y mueve lo que haya delante (ceniza, un molinillo de papel, una llama);Mantener el dedo sobre una rendija;S6, S9;God of War Ragnarök, géiseres;F: presión que cambia de salida;4;4;4;3;4;4;4;4;3;31;código;0;bajo: God of War Ragnarök, géiseres (principio);4
M-016;Calmar con caricias;Si acaricias la tapa siguiendo la veta al ritmo de su aliento, la caja se calma y exhala más largo;Acariciar (arrastre lento por la veta);S6, nuevo: caricia;propia;H: calmar a un ser;5;4;3;2;4;3;5;3;5;32;código;0;bajo: ninguno conocido;4
M-017;El latido;Con el dedo quieto sobre la madera se siente un latido, más fuerte cuanto más cerca está el corazón de la caja;Mantener el dedo;S10, nuevo: tacto;propia;H: auscultar la caja;4;3;3;3;4;3;5;2;5;29;código;0;bajo: ninguno conocido;final
M-018;El aliento limpia;Cuando la caja exhala, el soplo aparta el polvo y la ceniza de una marca que estaba tapada;Esperar a la exhalación;S6, S5;propia;B: el soplo como plumero;3;3;4;2;5;3;3;3;2;26;código;0;bajo: ninguno conocido;4
M-019;Ronquido que delata;La caja dormida ronca y con cada ronquido traquetean las piezas sueltas, que son las que se pueden mover;Esperar a que duerma y mirar;S6, S10;propia;H: el sueño revela;4;3;3;2;4;3;3;3;3;26;código;0;bajo: ninguno conocido;4
M-020;Frío de la caja;Con el shoji abierto entra frío, la caja tirita y cierra sus cajones, y con el shoji cerrado se quedan abiertos;Deslizar el shoji;S6, S9;propia;C: sala y cuerpo enlazados;4;3;3;3;3;3;4;3;4;27;arte;1;bajo: ninguno conocido;5
M-021;El girasol;La caja vuelve la cara despacio hacia la lámpara, así que moviendo la luz decides qué mira y qué lado te enseña;Arrastrar la lámpara alrededor de la mesa;S1, S12;Plantas que siguen la luz;F: la caja como girasol;4;4;4;3;3;3;4;4;4;30;arte;1;bajo: ninguno conocido;5
M-022;Cosquillas;Frotar un nudo de la madera le hace cosquillas: la caja se estremece y cae lo que estaba en equilibrio;Frotar;nuevo: tacto, S11;propia;H: la caja tiene puntos sensibles;4;4;3;2;4;2;3;3;4;27;código;0;bajo: ninguno conocido;2
M-023;La madera se hincha;El vapor del té hincha la madera y traba una tablilla, y el calor de la lámpara la seca y la deja correr;Acercar la caja hija al vapor o a la lámpara;S9, nuevo: humedad;Propiedad real de la madera;H: el clima de la pieza;5;3;3;3;3;3;2;3;2;24;código;0;bajo: ninguno conocido;5
M-024;Empujar desde dentro;Con el cuerno puesto, si tocas la frente la caja embiste desde dentro y suelta una pieza atascada que el dedo no puede mover;Tocar la frente;S8, nuevo: la caja actúa;It Takes Two (cada capítulo, un verbo nuevo);G: el cuerno da un verbo;4;4;4;2;3;3;5;4;5;32;3D;1;bajo: ninguno conocido;3
M-025;Enseñarle un objeto;Si acercas un objeto del inventario al ojo, la caja reacciona: lo mira, parpadea o mira hacia donde se usa;Arrastrar un objeto hasta la cara;S1, S5;Enseñar objetos a un personaje (aventuras gráficas);F: preguntar sin palabras;4;4;4;2;4;4;4;2;4;30;código;0;bajo: aventuras gráficas, enseñar objetos;cualquiera
