ID;Juego;Mecánica;Tipo;Dificultad;Habilidad requerida;Feedback;Cómo podría adaptarse
B-001;Portal;Dos portales enlazados: lo que entra por uno sale por el otro y se ve el otro lado a través de ellos;CONEXIONES, PERSPECTIVA;2;Razonamiento espacial;Ves el otro lado a través del portal y te ves a ti mismo;F: sin teletransporte, un conducto de humo visible une el incensario con la boca de la caja, y lo que entra por un lado se ve salir por el otro
B-002;Portal;Cubo que pesa sobre un botón y mantiene abierta una puerta;PESO, PALANCAS;1;Causa y efecto;El botón se hunde y la puerta se abre a la vista;A: la tetera llena sobre la tapa mantiene hundido un resorte que deja abierto un cajón del costado mientras se trabaja en otro
B-003;Portal;Lanzamiento: la velocidad de caída se conserva al salir por el portal de salida;FÍSICA, CONEXIONES;4;Intuición física;El vuelo y la distancia del aterrizaje;E: una bola de incienso que baja por una escalera de cajones abiertos llega más lejos cuanto más alto está el primer cajón, y solo con la altura justa cae en su cuenco
B-004;Portal;Pausa obligatoria con partículas y un ruido fuerte para que el jugador vea qué crea los portales;OBSERVACIÓN, SECUENCIA;1;Atención;Partículas y sonido que obligan a mirar;A: la primera vez que el ojo se abre, todo se para un instante con un sonido grave y luz en el ojo, para que nadie lo pase por alto
B-005;Portal;Campo que borra los portales y los objetos que lo cruzan, pero no al jugador;CERRADURAS, TRANSFORMACIÓN;2;Leer reglas del entorno;Destellos al disparar contra él y un remolino que crece cuando un objeto se acerca (versión de Portal 2);B: la mirada del ojo actúa como un campo, lo que se arrastra delante de él se suelta y vuelve a su sitio, con un aviso que crece a medida que el dedo se acerca
B-006;Portal;Torretas que disparan si estás en su línea de visión y hablan con voz inocente;OBSERVACIÓN, LUCES;2;Leer líneas de visión;Un láser rojo marca hacia dónde miran y una voz avisa;B: el ojo deja un brillo tenue sobre lo que mira, para que su vigilancia se lea de un vistazo
B-007;Portal;Cubo de compañía: un objeto querido que acompaña y luego hay que incinerar;COMBINACIÓN DE OBJETOS;2;Lectura de la historia;La voz habla del cubo sin parar y hay una escena de despedida;G: la caja grande deja notas sobre la caja hija que crean apego, y esa caja hija vuelve como llave en el final
B-008;Portal;Tras escapar del circuito de pruebas, una sala vieja se resuelve de forma «incorrecta»;TRANSFORMACIÓN, MEMORIA;3;Reinterpretar lo conocido;La sala conocida cede por un camino nuevo;D: en el nivel 3 vuelve el costado de cajones del nivel 1 y se abre al revés, empujando los cajones hasta el fondo en vez de tirar
B-009;Portal 2;Láser que se redirige con un cubo-prisma hasta un receptor;LUCES, REFLEJOS;2;Planificar trayectorias;El rayo se ve entero al instante y el receptor se enciende con sonido;B: la luz del ojo de piedra de luna se ve como un haz en el humo del incienso y un espejo de mano la lleva a donde hace falta
B-010;Portal 2;Embudo de excursión que lleva o trae según su polaridad;FÍSICA, TRANSFORMACIÓN;3;Pensar en dos sentidos;Un flujo de color con los objetos flotando dentro;H: el aliento de la caja como corriente, al inspirar atrae el humo y la ceniza ligera hacia la boca y al espirar los empuja, y el jugador aprovecha cada sentido
B-011;Portal 2;Pintar objetos con gel para cambiar cómo se mueven (cubos y torretas que rebotan);COMBINACIÓN DE OBJETOS, FÍSICA;3;Combinar propiedades;El objeto cambia de color y de comportamiento;E: la ficha de madera mojada en el té se hincha y no entra en su hueco, y hay que secarla junto a la lámpara (variable nueva: la humedad)
B-012;Portal 2;Gel de conversión: cualquier superficie pasa a admitir portales (sensación de saltarse las reglas);TRANSFORMACIÓN, CERRADURAS;3;Pensamiento lateral;Superficies que de pronto aceptan el portal;D: tras el nivel 3, la caja deja tocar lo que antes vigilaba, y el jugador siente que rompe sus normas con su permiso
B-013;Portal 2;Dos tipos de sala: de lista (probar un concepto sin riesgo) y de combinación (pensar de lado);SECUENCIA, ORDEN;2;Aprender jugando;Sin fallo en la de lista, con «ajá» en la de combinación;A: cada regla nueva de la caja se prueba primero sin riesgo en un cajón que solo enseña y se combina con otra en el paso siguiente
B-014;Portal 2;Una escena previa enseña la solución sin parecer puzle (un derrumbe obliga a cruzar con portales);SECUENCIA, OBSERVACIÓN;2;Transferir lo aprendido;El mismo gesto sirve en la escena y en la sala siguiente;B: al subir de la trampilla, la caja hija gira sola y el ojo grande pierde de vista una de sus caras, así el jugador ya ha visto la idea antes de necesitarla
B-015;Portal 2;Ayuda invisible en un momento crítico: si disparas el portal equivocado, el juego mueve el otro;CONEXIONES, TIEMPO;1;Ninguna (protege la escena);La escena sale bien aunque falles;A: en el despertar de la caja, cualquier gesto razonable cuenta como bueno, para que el clímax nunca se rompa
B-016;Portal 2;Sorpresa tras el dominio: la placa de lanzamiento que ya dominas te tira de lado;TRANSFORMACIÓN, SECUENCIA;2;Confianza en lo aprendido;Un giro brusco y cómico, con un objeto que atrae la mirada;D: en el nivel 3 la llave que ya se sabe usar entra en el cajón largo, y al girarla la caja entera da la vuelta sola
B-017;Portal 2;Ideas sembradas antes de un salto lógico muy difícil (doble colisión en el aire en cooperativo);FÍSICA, SECUENCIA;5;Pensamiento lateral;La simetría, la luz y las marcas de la sala dibujan la trayectoria;B: para el paso más difícil del final, antes se ve la misma idea en pequeño (el ojo mira una polilla y la deja quieta en el aire) y la luz de la sala dibuja la solución
B-018;The Talos Principle;Piezas tetrominó ganadas en cada puzle que se encajan en una plantilla para abrir puertas;CONSTRUCCIÓN, PATRONES;2;Encaje espacial;Las piezas encajan y la puerta se abre;F: las teselas de marquetería yosegi que se ganan en cada nivel completan el dibujo de la tapa, sin repetir el mismo encaje cada vez
B-019;The Talos Principle;Inhibidor portátil que apaga barreras, drones y torretas;CERRADURAS, CONEXIONES;2;Planificar ángulos;Lo que apunta se apaga;D: un abanico abierto puesto entre el ojo y la mano corta la mirada, y la regla se apaga solo en esa línea
B-020;The Talos Principle;Conectores que encadenan rayos de color por línea de visión hasta un receptor;LUCES, CONEXIONES;3;Razonamiento espacial;Rayos visibles y receptores que se encienden;C: un hilo de seda rojo que se tiende de clavija en clavija por los cajones abiertos y, tenso, tira del pestillo del cajón largo
B-021;The Talos Principle;Grabadora: una copia de ti repite lo que hiciste mientras tú haces otra cosa;TIEMPO, MEMORIA;4;Pensar en dos líneas de tiempo;La copia repite tus gestos;H: con el ojo cerrado, la caja repite de memoria tus últimos gestos para entenderte, y lo que imita lo hace ella aunque a ti te lo prohíba
B-022;The Talos Principle;Estrellas: premios que solo salen con soluciones únicas, a menudo fuera del recinto del puzle;MULTIZONA, OBSERVACIÓN;5;Pensar fuera del marco;Una estrella a la vista pero aparentemente inalcanzable;A: un secreto opcional por nivel que pide sacar algo de la caja a la sala o al revés, con su propia recompensa
B-023;The Talos Principle;Mensajeros: una pista de un solo uso por puzle;PISTAS, INFORMACIÓN CRUZADA;1;Decidir cuándo pedir ayuda;Una frase de ayuda;G: la nota de la caja se relee en la bandeja y, si el atasco es largo, la caja añade una línea nueva de su puño
B-024;The Talos Principle;Tres mundos no lineales: se deja un puzle y se prueba otro;MULTIZONA, ORDEN;1;Gestionar el atasco;Puertas y piezas pendientes a la vista;B: cada nivel tiene dos ramas abiertas a la vez para que un atasco no pare al jugador
B-025;The Talos Principle 2;Conversor RGB: un rayo azul y uno rojo dan verde;LUCES, COMBINACIÓN;3;Combinar colores;El rayo resultante cambia de color;C: el humo de dos varillas de incienso distintas se mezcla en el aire, y el ojo solo reacciona al olor de la mezcla
B-026;The Talos Principle 2;Taladro que abre un agujero temporal en paredes especiales para pasar objetos o rayos;TIEMPO, CONEXIONES;3;Planificar con tiempo limitado;El agujero se abre y se cierra a la vista;B: al contener el aliento la caja afloja unos segundos la junta de la tapa, y por esa rendija cabe un objeto fino
B-027;The Talos Principle 2;Cuerpos alternativos entre los que se salta si están en tu línea de visión;PERSPECTIVA, MULTIOBJETO;4;Razonamiento espacial;La cámara salta al otro cuerpo;H: al colocar el ojo nuevo, la cámara puede pasar un momento a la vista de la caja, y lo que ella ve desde allí cambia cómo hay que mover las cosas
B-028;The Talos Principle 2;Fuego de Prometeo: saltar un puzle con algo hallado explorando y recuperarlo al resolverlo;PISTAS, MULTIZONA;1;Decidir cuándo saltar;El puzle se abre sin resolverlo;G: ofrendas al tsukumogami, un dulce escondido en la sala que, dejado ante la caja, la convence de abrir el paso siguiente
B-029;The Talos Principle 2;Puzles perdidos: dos opcionales más difíciles por zona que abren puertas doradas;MULTIZONA, SECUENCIA;5;Dominio de la mecánica;Una puerta dorada que se abre;A: un reto opcional por nivel, más difícil, que da un adorno para la caja sin tocar la historia
B-030;The Talos Principle 2;Quitar la dificultad de ejecución (fuera minas y torretas) para que el reto sea pensar;ORDEN, PATRONES;2;Pensar sin presión;Menos repeticiones y menos muertes;A: ningún paso de La caja viva pide precisión de dedo ni rapidez, la dificultad está en entender
B-031;Baba Is You;Las reglas son bloques de palabras que se empujan (SUSTANTIVO ES PROPIEDAD);SÍMBOLOS, TRANSFORMACIÓN;3;Lógica y lectura de reglas;La regla se activa al alinear las palabras y el mundo cambia al instante;H: en el final, la regla de la caja está tallada en tres pictogramas de marquetería (ojo, mira, mano) que giran en su sitio, y cambiar uno cambia a quién vigila
B-032;Baba Is You;Romper una regla separando una palabra (el muro deja de parar);SÍMBOLOS, DESMONTAJE;2;Pensamiento lateral;El muro deja de ser obstáculo en cuanto la frase se rompe;D: sacar la caja hija del alcance de la mirada rompe la regla para ella, igual que separar una palabra rompe la frase
B-033;Baba Is You;Cambiar la condición de victoria: otra cosa pasa a ser la meta;SÍMBOLOS, TRANSFORMACIÓN;3;Reinterpretar el objetivo;Tocar la nueva meta acaba el nivel;D: en el final la meta deja de ser abrir la caja y pasa a ser que la caja abra sus dos ojos a la vez, y se descubre leyendo su nota
B-034;Baba Is You;Cambiar quién eres: otro objeto pasa a ser «tú»;TRANSFORMACIÓN, PERSPECTIVA;3;Cambiar el punto de vista;El control pasa a otro objeto;H: en el final, por un momento el jugador maneja la mirada de la caja en vez de la mano, para alumbrar lo que hace falta
B-035;Baba Is You;TIENE: un objeto contiene a otro y lo que tenía dentro aparece;COMBINACIÓN DE OBJETOS, TRANSFORMACIÓN;4;Pensar en contenidos;Aparece lo que el objeto tenía dentro;A: cada caja guarda otra cosa y esa cosa es la llave de su madre, una cadena que el jugador aprende a sospechar
B-036;Baba Is You;Reglas encajadas en esquinas que no se pueden mover (verdades fijas que acotan);OBSERVACIÓN, SÍMBOLOS;2;Leer el nivel;Las palabras no se mueven aunque se empujen;A: unas pocas cosas de la sala nunca se mueven y se nota (laca negra), y eso reduce lo que hay que probar
B-037;Baba Is You;Nivel variante creado a partir de la solución alternativa que encontró un probador;SECUENCIA, PATRONES;3;Ver un truco desde otro ángulo;El atajo cerrado obliga a la idea nueva;B: si en las pruebas alguien encuentra un atajo bonito, se convierte en paso o secreto y se cierra donde estorba
B-038;Q.U.B.E.;Bloque rojo que se extiende o se retrae para hacer rampas y paredes;CONSTRUCCIÓN, DESLIZAMIENTO;1;Causa y efecto;El bloque sale con su color y su sonido;A: un material, un verbo, el bambú siempre se desliza y la laca roja siempre gira en toda la caja
B-039;Q.U.B.E.;Tres bloques amarillos que forman una escalera distinta según dónde se golpee;PATRONES, CONSTRUCCIÓN;2;Prever el resultado;Los tres bloques salen a alturas distintas;C: tres cajones unidos por un cordón, al tirar de uno los otros salen a alturas distintas según cuál se elija
B-040;Q.U.B.E.;Bloque morado que gira una sección entera de pared;ROTACIÓN, PERSPECTIVA;3;Rotación mental;La sección gira y lo que lleva encima cambia de sitio;F: un panel del costado gira un cuarto de vuelta y cambia qué cajón queda a la vista del ojo
B-041;Q.U.B.E.;Imanes que mueven cubos a distancia;FÍSICA, CONEXIONES;4;Planificar en varios pasos;Los cubos se deslizan hacia el imán;F: una piedra imán escondida en la cabeza del león atrae la llave de hierro y sirve para sacarla de una rendija donde no cabe el dedo
B-042;Q.U.B.E.;Bola que baja por una pendiente y se guía con bloques hasta un agujero;FÍSICA, SECUENCIA;4;Coordinación y ritmo;La bola rueda, choca y cae en el agujero;B: una bola de incienso en un laberinto de la tapa se guía inclinando la caja con el dedo, con física honesta y sin ayudas que se noten
B-043;Q.U.B.E.;Sala a oscuras en la que solo brillan los bloques (criticada por ser ensayo y error);LUCES, MEMORIA;3;Memoria espacial;Solo se ve lo que brilla;D: al revés, apagar la lámpara no le esconde nada al jugador sino al ojo, y la oscuridad es una herramienta, no un castigo
B-044;Antichamber;El espacio cambia según hacia dónde mires o por dónde pases;PERSPECTIVA, OBSERVACIÓN;3;Romper expectativas;Pasillos que llevan a sitios distintos al volver;D: lo que la caja no mira cambia, el animal pintado en el rollo solo se mueve cuando el ojo no lo ve
B-045;Antichamber;Escaleras que vuelven al inicio salvo si el camino se recorre hacia atrás;PERSPECTIVA, ORDEN;3;Probar lo contrario;Aparece una zona nueva al andar al revés;D: un cajón que vuelve a cerrarse cada vez que se tira se abre si antes se empuja hasta el fondo, como en las cajas de Hakone
B-046;Antichamber;Sala inicial con un mapa para saltar a cualquier sala visitada (reinicia esa sala);MULTIZONA, MEMORIA;1;Orientarse;El mapa se rellena al explorar;A: la tarjeta de nivel muestra la cara como mapa de lo hecho y deja repetir un nivel sin perder la partida
B-047;Antichamber;Cubos que se recogen y se colocan para tapar o destapar láseres que abren puertas;CONSTRUCCIÓN, LUCES;3;Planificar recursos;La puerta reacciona al tapar el haz;C: con dos ojos, mantener un dedo sobre uno lo tapa y deja libre otro dedo para mover lo que solo veía ese ojo (probar antes en un móvil pequeño)
B-048;Antichamber;Carteles con una frase de lección tras cada puzle (criticados por condescendientes);SÍMBOLOS, PISTAS;1;Ninguna;Un dibujo y una frase al tocarlo;B: la nota de la caja nunca explica lo que se acaba de hacer, solo pide lo siguiente con su voz
B-049;Antichamber;Sonido de naturaleza que evita lo amenazante para dejar pensar;SONIDOS, OBSERVACIÓN;1;Concentración;Lluvia, pájaros y olas suaves;A: la sala de noche suena a grillos, viento y agua de la tetera, y el sonido inquietante se reserva para la caja
B-050;Superliminal;Perspectiva forzada: al soltarlo, el objeto conserva el tamaño que aparentaba;ESCALA, PERSPECTIVA;3;Romper la intuición física;El objeto crece o encoge al soltarlo;H: la sombra a escala, acercar o alejar la lámpara cambia el tamaño de la sombra de un objeto en el shoji y el ojo reacciona a la sombra como si fuera real
B-051;Superliminal;Trampantojo: manchas pintadas en varias superficies forman un objeto desde un punto exacto;PERSPECTIVA, SIMETRÍA;3;Buscar el punto de vista;La figura se completa y se vuelve objeto;B: un dibujo de marquetería repartido entre la caja, la mesa y el shoji solo se completa visto desde la cara, y completo dice el orden de las puertecitas
B-052;Superliminal;Objeto que se duplica al cogerlo;TRANSFORMACIÓN, MULTIOBJETO;3;Pensamiento lateral;Aparece una copia en la mano;D: al revés, dos tazas iguales se funden en una al juntarlas ante el ojo, porque una era una ilusión de la caja
B-053;Superliminal;Puertas falsas: geometría estirada que solo parece puerta desde un ángulo;PERSPECTIVA, OBSERVACIÓN;3;Desconfiar de lo que se ve;Desde otro ángulo la puerta se deforma;B: un cajón pintado en el costado solo parece cajón desde la vista de la sala, de cerca es pintura, y la caja se ríe con su humo
B-054;Superliminal;Pasillo en bucle que solo se rompe tocando objetos sin saber por qué (criticado por oscuro);OBSERVACIÓN, SECUENCIA;4;Insistir;El bucle se rompe sin explicación clara;B: si un paso pide repetir algo, la caja muestra que lo cuenta con un clic más grave o una vuelta del humo cada vez
B-055;Viewfinder;Una foto colocada en el mundo sustituye lo que hay por lo que muestra;PERSPECTIVA, TRANSFORMACIÓN;3;Imaginar el resultado;El mundo se corta y aparece lo de la foto;G: el rollo colgado es otro tsukumogami y lo pintado en él se mueve cuando la caja no mira, sin fotos ni cambios de geometría (riesgo medio por Viewfinder)
B-056;Viewfinder;Cámara instantánea para hacer tus propias fotos y usarlas;PERSPECTIVA, CONSTRUCCIÓN;3;Encuadrar;La foto aparece en la mano;D: no hay cámara, la caja recuerda lo último que vio y lo dibuja en humo sobre la tapa al cerrar el ojo, y ese dibujo es la pista
B-057;Viewfinder;Rebobinar el tiempo para deshacer sin castigo;TIEMPO, MEMORIA;1;Experimentar sin miedo;Todo vuelve atrás a la vista;A: nada en la caja se pierde ni se rompe, todo gesto se deshace empujando o girando al revés
B-058;Viewfinder;Copiar una foto para usarla dos veces;MULTIOBJETO, COMBINACIÓN;3;Gestionar recursos;Aparece una segunda foto igual;C: el sello de la caja (hanko) se entinta y se estampa dos veces, y cada estampa abre una cerradura de papel
B-059;Viewfinder;Cámaras fijas y superficies que no se dejan sustituir (límites sobre una mecánica libre);PERSPECTIVA, CERRADURAS;4;Trabajar con límites;La foto no se puede colocar ahí;A: a cada mecánica libre se le pone un límite que obliga a pensar, como girar la caja hija con la cara que mira el ojo inmóvil
B-060;Viewfinder;Baterías que dan energía al teletransportador de salida;CONEXIONES, PESO;2;Planificar el orden;El teletransportador se enciende;F: tres varillas de incienso encendidas en el león dan a la caja el humo que necesita para despertar
B-061;Monument Valley;Caminos separados que se unen cuando, al girar, se alinean en la vista isométrica;PERSPECTIVA, ROTACIÓN;2;Ver en 2D lo que es 3D;Ida camina por la unión imposible;B: solo desde la vista de la cara, la talla del cuerno y una grieta de la madera se alinean y forman el camino que sigue el humo
B-062;Monument Valley;Manivelas que giran una sección, y la sección que se mueve es un poco más clara;ROTACIÓN, RUEDAS;1;Asociar asa y efecto;La sección gira y el camino cambia;A: lo que se mueve en la caja tiene un tono de madera algo más claro desde el principio
B-063;Monument Valley;Círculos salientes: la pieza se desliza en la dirección que marcan;DESLIZAMIENTO, SÍMBOLOS;1;Leer señales;La pieza se desliza por su eje;A: una gramática propia de asas, muesca para deslizar, borla para tirar y anillo dorado para girar, igual en toda la caja
B-064;Monument Valley;Gente cuervo que patrulla, cierra el paso y pisa botones;SECUENCIA, TIEMPO;2;Prever recorridos;El cuervo se para y cierra el paso;F: las polillas de la lámpara se posan donde hay luz, y moviendo la lámpara se llevan a una placa ligera que solo ellas pueden pisar
B-065;Monument Valley;Tótem: compañero que se desliza en cualquier dirección y también pisa botones;MULTIOBJETO, PESO;2;Coordinar dos piezas;El tótem se mueve con Ida;G: la caja hija como compañera en el final, que se coloca en sitios que la caja grande no ve
B-066;Monument Valley;La Caja (capítulo VIII): cuatro partes móviles y cuatro luces, una de las cuales solo puede encender un cuervo;DESMONTAJE, LUCES;3;Coordinar actores;Las luces se encienden y la caja se abre en una zona nueva;B: aviso para el nivel 3, el biombo se abre por su regla (la mirada), sin luces en las esquinas y sin nadie caminando dentro
B-067;Monument Valley;Caminar por las paredes: lo que era pared pasa a ser suelo al girar;ROTACIÓN, PERSPECTIVA;3;Rotación mental;Ida sigue andando de lado;F: al volcar la caja hija, lo que era tapa pasa a ser fondo y una pieza suelta rueda dentro hasta otro hueco
B-068;Monument Valley 2;Madre e hija: la hija la sigue sola y al final se separan para resolver por separado;MULTIOBJETO;2;Coordinar y emocionarse;La separación cambia el color del mundo;G: la caja hija se separa de la grande en el nivel 2 y vuelve a ella en el final, y la grande respira más tranquila cuando la tiene cerca
B-069;Tetris;Siete piezas de cuatro cuadros que caen y se giran para encajar;ROTACIÓN, CONSTRUCCIÓN;2;Rotación mental rápida;La pieza gira al instante;A: la tapa de la cajita roja gira a saltos con respuesta inmediata y sin animaciones largas, para pensar girando
B-070;Tetris;La fila completa desaparece y deja seguir jugando;PATRONES, ORDEN;2;Planificar el hueco;Destello, sonido y la pila que baja;G: cada pieza devuelta a la cara completa un sello (角 目 声) y la cara se ve más entera, el orden que vuelve como recompensa
B-071;Tetris;Vista previa de las piezas siguientes;OBSERVACIÓN, SECUENCIA;2;Planificar;Las próximas piezas a un lado;A: la cerradura siguiente se ve antes de tener su llave, como el hueco de la ficha de shōgi sembrado en el nivel 1
B-072;Tetris;Pieza fantasma que muestra dónde caerá la pieza;SOMBRAS, PERSPECTIVA;1;Ninguna;Una silueta transparente en el destino;B: al arrastrar un objeto del inventario cerca de su sitio aparece su silueta encajada, y al soltarlo encaja con un clic
B-073;Tetris;Bolsa de siete: cada siete piezas salen todas, sin sequías largas;ORDEN, PATRONES;1;Ninguna (justicia);La pieza esperada llega a tiempo;B: si el ojo se distrae solo de vez en cuando, ese ciclo tiene un máximo, para que la oportunidad llegue siempre en pocos segundos
B-074;Tetris;Medio segundo de gracia al tocar fondo, que se reinicia al mover la pieza;TIEMPO;2;Ajuste fino;La pieza aún se mueve tras tocar fondo;A: al soltar una pieza cerca de su encaje, un margen de gracia deja recolocarla antes de fijarla
B-075;Tetris;Giro en T: meter la T girándola en un hueco que parece imposible da premio extra;ROTACIÓN, SECUENCIA;5;Dominio;Aviso y puntos extra;A: una solución experta y opcional por nivel (por ejemplo, sacar la llave sin la lámpara aprovechando un descuido del ojo) con su propio sonido
B-076;Inside;Fila vigilada: imitar a las personas que andan mientras un dron mira, y su luz parpadea antes del castigo;SECUENCIA, OBSERVACIÓN;3;Sincronía;La luz del dron parpadea si fallas y luego castiga;E: mientras el ojo mira, algo solo se mueve al ritmo de su respiración (al espirar), y el párpado se entorna si el jugador se desacompasa
B-077;Inside;Onda expansiva cíclica: sonido y destello, silencio, onda, y hay que cubrirse a tiempo;SONIDOS, TIEMPO;4;Ritmo;Destello, ruido, silencio y onda;B: la caja anuncia su despertar, inspira (sonido), contiene (silencio) y abre el ojo, y el jugador aprende a usar ese silencio
B-078;Inside;Casco de control mental: cuerpos sin voluntad repiten tus movimientos;MULTIOBJETO, CONEXIONES;3;Pensar por dos;Los cuerpos imitan tus pasos al instante;H: la caja hija repite en pequeño lo que se hace con la grande, y abrir un cajón aquí abre su gemelo allí
B-079;Inside;Focos y robots que barren la zona por ciclos, con pilares para cubrirse;LUCES, SOMBRAS;3;Esperar el momento;El foco pasa y vuelve;B: al buscar la mano, la mirada del ojo barre la mesa despacio, y la sombra de la tetera sirve de escondite para el dedo
B-080;Inside;Respiración agitada y sobresaltos del niño muy presentes en el sonido;SONIDOS, TIEMPO;1;Ninguna (atmósfera);Jadeos y sobresaltos;A: la respiración de la caja se acelera cuando el dedo se acerca a lo prohibido y se calma al apartarse, feedback continuo sin texto
B-081;Inside;Secretos fuera del camino que abren un final alternativo;OBSERVACIÓN, MULTIZONA;4;Exploración;Un aparato escondido se apaga;A: secretos opcionales en la sala que, todos juntos, cambian la última escena del final
B-082;Limbo;Muerte instantánea y vuelta inmediata: aprender muriendo, con muertes que enseñan;OBSERVACIÓN, TIEMPO;3;Aprender del fallo;La muerte se ve y se vuelve al instante;D: sin muerte, el fallo enseña con la reacción de la caja (aliento contenido, mirada a la mano) y nunca devuelve al jugador atrás
B-083;Limbo;El niño adelanta los brazos cerca de un objeto que se puede agarrar;OBSERVACIÓN, CONEXIONES;1;Ninguna;Gesto del personaje;B: cuando el dedo pasa cerca de algo que se mueve, la pieza asoma un milímetro y suena, y lo fijo no responde
B-084;Limbo;Una trampa cae fuera de la pantalla y se oye (la tira la araña);SONIDOS, COMBINACIÓN DE OBJETOS;3;Unir causa y efecto;Un golpe que se oye fuera de cuadro;A: cuando algo cambia fuera de la vista (el león se abre), suena claro y la cámara se gira un poco hacia allí
B-085;Limbo;Un elemento se presenta al pasar: el jugador pulsa un interruptor sin querer al correr;SECUENCIA, OBSERVACIÓN;1;Ninguna;El efecto llega solo;A: el primer cajón asoma al primer toque, así el jugador aprende el verbo sin buscarlo
B-086;Limbo;Babosa que se pega a la cabeza del niño y le quita parte del control;TRANSFORMACIÓN, ORDEN;3;Adaptarse a una restricción;El niño se mueve solo;D: la caja hija, fuera, tira hacia la grande porque quiere volver, y hay que sujetarla con un dedo mientras se trabaja con otro
B-087;Little Nightmares;Conserje ciego que oye los pasos en suelos que crujen y se aleja tras un objeto lanzado;SONIDOS, OBSERVACIÓN;3;Gestionar el ruido;El vigilante va hacia el sonido y tantea con los brazos;E: el ojo también oye, golpear la tapa de la tetera lo hace mirar allí unos segundos, otra distracción además de la lámpara
B-088;Little Nightmares;Cajones gigantes de un archivador usados como escalera;ESCALA, DESLIZAMIENTO;2;Ver usos nuevos a objetos comunes;Los cajones abiertos forman peldaños;F: abrir los cajones del costado a distintas alturas hace una escalera por la que baja rodando una pieza desde arriba
B-089;Little Nightmares;Mechero que enciende lámparas que son puntos de control;LUCES, SECUENCIA;1;Ninguna;La lámpara se enciende y guarda;G: encender una varilla de incienso guarda la partida dentro de un nivel, y la caja lo agradece con un humo tranquilo
B-090;Little Nightmares;Rutinas domésticas de los adultos que hay que observar antes de moverse;OBSERVACIÓN, TIEMPO;3;Paciencia;Los adultos hacen sus tareas;B: la caja tiene una rutina de noche visible (mira la lámpara, mira el shoji, se adormece), y observarla enseña dónde está el hueco
B-091;Little Nightmares;Arrancar una llave enorme de su clavo balanceándose;PESO, FÍSICA;2;Usar el propio peso;El balanceo crece hasta que cae la llave;B: la llave atada con un cordón se suelta tirando a pequeños tirones rítmicos, no con un solo arrastre
B-092;Little Nightmares;Los ojos de la protagonista se van hacia los objetos útiles del puzle;OBSERVACIÓN, PISTAS;1;Ninguna;La mirada del personaje;G: la caja se delata, su ojo mira de reojo lo que protege cuando el jugador lleva tiempo atascado
B-093;Little Nightmares II;Maniquíes que solo se mueven a oscuras y se congelan con la linterna;LUCES, OBSERVACIÓN;3;Repartir la atención;Se paran en seco en la luz;D: la mirada del ojo deja quieto lo que mira, y en el nivel 3 se usa para sujetar un disco que gira solo
B-094;Little Nightmares II;Apartar la luz a propósito para que un maniquí se levante (la amenaza como herramienta);LUCES, TRANSFORMACIÓN;4;Invertir la regla;El maniquí se levanta y deja el paso;D: apartar la lámpara a propósito para que el ojo mire adonde conviene, porque ahora interesa su mirada
B-095;Little Nightmares II;Compañera manejada por el juego que ayuda, da pistas generales y va de la mano;MULTIOBJETO, PISTAS;1;Ninguna;Gestos y la mano tendida;G: la caja hija, cuando está fuera, entreabre el párpado hacia lo que importa, una segunda voz sin palabras
B-096;Little Nightmares II;Puzle del ajedrez: encontrar y colocar los remates de las piezas;COMBINACIÓN DE OBJETOS, ORDEN;3;Asociar formas;Cada remate encaja en su pieza;F: la ficha de shōgi lleva un carácter tallado y hay que encontrar su pareja en la sala (el kanji del rollo) para saber en qué hueco va
